Town_Town,PILOT StateOwned Real Property_FY 2017,PILOT StateOwned Real Property_FY 2018,PILOT Colleges  Hospitals_FY 2017,PILOT Colleges  Hospitals_FY 2018,Mashantucket Pequot And Mohegan Fund Grant_FY 2017,Mashantucket Pequot And Mohegan Fund Grant_FY 2018,Adult Education_FY 2017,Adult Education_FY 2018,Education Cost Sharing_FY 2017,Education Cost Sharing_FY 2018,MRSA Municipal Revenue Sharing Grant_FY 2017,MRSA Municipal Revenue Sharing Grant_FY 2018,MRSA Additional Payment in Lieu of Taxes_FY 2017,MRSA Additional Payment in Lieu of Taxes_FY 2018,MRSA Motor Vehicle Property Tax Grants_FY 2017,MRSA Motor Vehicle Property Tax Grants_FY 2018,TOTAL Statutory Formula Aid_FY 2017,TOTAL Statutory Formula Aid_FY 2018,Priority School District_FY 2017,Priority School District_FY 2018
Andover," 4,211 ",0, 0 ,0," 14,975 ",0, 0 , 0 ," 2,331,185 "," 466,237 "," 66,705 ",0, 0 ,0,0, 0 ," 2,417,076 "," 466,237 ",,0
Ansonia," 44,259 ",0, 0 ,0," 160,809 ",0," 107,666 "," 106,337 "," 16,473,543 "," 16,473,543 "," 605,442 ",0," 19,652 ",0,0," 167,288 "," 17,411,371 "," 16,747,168 ",,0
Ashford, 44 ,0, 0 ,0," 23,966 ",0, 0 , 0 ," 3,859,564 "," 1,157,869 "," 87,248 ",0, 0 ,0,0, 0 ," 3,970,822 "," 1,157,869 ",,0
Avon, 0 ,0, 0 ,0," 19,195 ",0," 1,985 "," 1,789 "," 731,456 ", 0 ," 374,711 ",0, 0 ,0,0, 0 ," 1,127,347 "," 1,789 ",,0
Barkhamsted," 1,682 ",0, 0 ,0," 16,970 ",0," 1,595 "," 1,629 "," 1,633,686 ", 0 ," 76,324 ",0, 0 ,0,0, 0 ," 1,730,257 "," 1,629 ",,0
Beacon Falls," 20,772 ",0, 0 ,0," 28,910 ",0, 0 , 0 ," 4,067,920 ", 0 ," 123,341 ",0, 0 ,0,0, 0 ," 4,240,943 ", 0 ,,0
Berlin, 447 ,0, 0 ,0," 43,425 ",0," 15,206 "," 13,556 "," 6,215,712 ", 0 ," 843,048 ",0, 0 ,0,0, 0 ," 7,117,838 "," 13,556 ",,0
Bethany," 5,865 ",0," 15,096 ",0," 15,929 ",0, 0 , 0 ," 2,000,209 ", 0 ," 114,329 ",0, 0 ,0,0, 0 ," 2,151,428 ", 0 ,,0
Bethel, 149 ,0, 6 ,0," 48,842 ",0," 12,704 "," 11,259 "," 8,087,732 ", 0 ," 392,605 ",0, 0 ,0,0, 0 ," 8,542,038 "," 11,259 ",,0
Bethlehem, 158 ,0, 0 ,0," 13,617 ",0, 0 , 0 ," 1,278,838 ", 0 ," 42,762 ",0, 0 ,0,0, 0 ," 1,335,375 ", 0 ,,0
Bloomfield," 14,068 ",0," 190,614 ",0," 150,544 ",0," 20,719 "," 22,062 "," 6,160,837 "," 6,160,837 "," 438,458 ",0, 0 ,0,0," 2,446 "," 6,975,240 "," 6,185,345 ",,0
Bolton," 15,913 ",0, 0 ,0," 16,362 ",0," 3,679 "," 3,823 "," 2,983,350 "," 298,335 "," 106,449 ",0, 0 ,0,0, 0 ," 3,125,753 "," 302,158 ",,0
Bozrah, 0 ,0, 0 ,0," 16,305 ",0," 6,841 "," 6,877 "," 1,223,830 "," 244,766 "," 53,783 ",0, 0 ,0,0, 0 ," 1,300,759 "," 251,643 ",,0
Branford, 0 ,0, 0 ,0," 53,780 ",0," 21,033 "," 21,252 "," 2,211,848 ", 0 ," 570,402 ",0, 0 ,0,0, 0 ," 2,857,063 "," 21,252 ",,0
Bridgeport," 2,367,096 ",0," 7,454,025 ",0," 5,913,094 ",0," 2,071,995 "," 2,057,245 "," 181,105,390 "," 181,105,390 "," 14,476,283 ",0," 3,095,669 ",0,0," 2,661,718 "," 216,483,552 "," 185,824,353 ",6177736.0,0
Bridgewater, 51 ,0, 0 ,0," 8,251 ",0, 0 , 0 ," 23,014 ", 0 ," 15,670 ",0, 0 ,0,0, 0 ," 46,986 ", 0 ,,0
Bristol, 0 ,0," 392,185 ",0," 565,082 ",0," 306,457 "," 297,951 "," 44,853,676 "," 44,853,676 "," 1,276,119 ",0, 0 ,0,0, 0 ," 47,393,519 "," 45,151,627 ",,0
Brookfield, 337 ,0, 0 ,0," 21,694 ",0," 3,582 "," 3,753 "," 1,417,583 ", 0 ," 343,611 ",0, 0 ,0,0, 0 ," 1,786,807 "," 3,753 ",,0
Brooklyn," 111,376 ",0, 0 ,0," 212,937 ",0," 33,138 "," 32,494 "," 6,975,373 "," 4,185,224 "," 103,910 ",0, 0 ,0,0, 0 ," 7,436,734 "," 4,217,718 ",,0
Burlington," 5,437 ",0, 0 ,0," 22,422 ",0, 0 , 0 ," 4,359,350 ", 0 ," 193,490 ",0, 0 ,0,0, 0 ," 4,580,699 ", 0 ,,0
Canaan," 93,900 ",0," 1,960 ",0," 9,659 ",0, 0 , 0 ," 177,216 ", 0 ," 14,793 ",0, 0 ,0,0, 0 ," 297,528 ", 0 ,,0
Canterbury, 327 ,0, 0 ,0," 29,519 ",0," 13,120 "," 12,664 "," 4,665,608 "," 2,799,365 "," 58,684 ",0, 0 ,0,0, 0 ," 4,767,258 "," 2,812,029 ",,0
Canton, 0 ,0, 0 ,0," 20,081 ",0," 2,777 "," 2,482 "," 3,403,900 ", 0 ," 211,078 ",0, 0 ,0,0, 0 ," 3,637,836 "," 2,482 ",,0
Chaplin," 50,399 ",0, 0 ,0," 79,763 ",0," 2,877 "," 2,841 "," 1,856,992 "," 928,496 "," 48,563 ",0," 10,692 ",0,0, 0 ," 2,049,286 "," 931,337 ",,0
Cheshire," 1,865,136 ",0," 121,350 ",0," 2,061,556 ",0," 23,840 "," 25,964 "," 9,436,665 "," 943,667 "," 594,084 ",0, 0 ,0,0, 0 ," 14,102,631 "," 969,631 ",,0
Chester, 415 ,0, 0 ,0," 14,643 ",0, 0 , 0 ," 659,216 ", 0 ," 57,736 ",0, 0 ,0,0, 0 ," 732,010 ", 0 ,,0
Clinton, 0 ,0, 0 ,0," 30,971 ",0," 25,277 "," 26,939 "," 6,326,998 ", 0 ," 268,611 ",0, 0 ,0,0, 0 ," 6,651,857 "," 26,939 ",,0
Colchester, 0 ,0, 0 ,0," 65,420 ",0," 27,866 "," 27,747 "," 13,503,310 "," 4,050,993 "," 330,363 ",0, 0 ,0,0, 0 ," 13,926,959 "," 4,078,740 ",,0
Colebrook," 1,206 ",0, 0 ,0," 9,838 ",0, 350 , 374 ," 491,388 ", 0 ," 29,694 ",0, 0 ,0,0, 0 ," 532,476 ", 374 ,,0
Columbia, 167 ,0, 0 ,0," 19,761 ",0," 2,241 "," 2,111 "," 2,523,462 "," 757,039 "," 111,276 ",0, 0 ,0,0, 0 ," 2,656,907 "," 759,150 ",,0
Cornwall," 3,149 ",0, 0 ,0," 8,178 ",0, 0 , 0 ," 6,976 ", 0 ," 11,269 ",0, 0 ,0,0, 0 ," 29,572 ", 0 ,,0
Coventry, 284 ,0, 0 ,0," 44,362 ",0," 10,987 "," 10,844 "," 8,756,165 "," 1,751,233 "," 252,939 ",0, 0 ,0,0, 0 ," 9,064,737 "," 1,762,077 ",,0
Cromwell, 180 ,0," 2,634 ",0," 35,310 ",0," 17,076 "," 14,033 "," 4,646,922 ", 0 ," 288,951 ",0, 0 ,0,0, 0 ," 4,991,073 "," 14,033 ",,0
Danbury," 1,881,851 ",0," 1,258,449 ",0," 907,556 ",0," 265,828 "," 250,489 "," 31,290,480 "," 31,290,480 "," 2,079,675 ",0," 593,619 ",0,0, 0 ," 38,277,458 "," 31,540,969 ",2309135.0,0
Darien, 0 ,0, 0 ,0," 9,241 ",0, 40 , 116 ," 406,683 ", 0 ," 171,485 ",0, 0 ,0,0, 0 ," 587,449 ", 116 ,,0
Deep River, 0 ,0, 0 ,0," 17,346 ",0, 0 , 0 ," 1,675,092 ", 0 ," 93,525 ",0," 1,876 ",0,0, 0 ," 1,787,839 ", 0 ,,0
Derby, 663 ,0," 833,361 ",0," 243,222 ",0," 125,448 "," 126,334 "," 7,902,388 "," 7,902,388 "," 462,718 ",0," 132,817 ",0,0, 0 ," 9,700,617 "," 8,028,722 ",1059071.0,0
Durham, 123 ,0, 0 ,0," 20,996 ",0, 0 , 0 ," 3,895,303 ", 0 ," 150,019 ",0, 0 ,0,0, 0 ," 4,066,441 ", 0 ,,0
East Granby, 0 ,0, 0 ,0," 15,434 ",0," 1,546 "," 1,511 "," 1,439,845 ", 0 ," 106,222 ",0," 9,474 ",0,0, 0 ," 1,572,521 "," 1,511 ",,0
East Haddam," 8,423 ",0, 0 ,0," 27,015 ",0," 5,471 "," 5,604 "," 3,686,134 "," 368,613 "," 186,418 ",0, 0 ,0,0, 0 ," 3,913,461 "," 374,217 ",,0
East Hampton," 49,068 ",0, 0 ,0," 41,883 ",0," 16,980 "," 15,455 "," 7,538,993 "," 1,507,799 "," 263,149 ",0, 0 ,0,0, 0 ," 7,910,073 "," 1,523,254 ",,0
East Hartford," 555,245 ",0," 487,075 ",0," 294,020 ",0," 208,572 "," 217,830 "," 49,075,156 "," 49,075,156 "," 3,877,281 ",0," 205,669 ",0,0," 2,462,257 "," 54,703,018 "," 51,755,243 ",1233099.0,0
East Haven," 240,702 ",0, 0 ,0," 170,049 ",0," 469,823 "," 484,517 "," 19,595,415 "," 19,595,415 "," 593,493 ",0, 0 ,0,0, 0 ," 21,069,482 "," 20,079,932 ",,0
East Lyme," 862,360 ",0," 40,179 ",0," 320,180 ",0," 17,156 "," 15,971 "," 6,918,462 ", 0 ," 243,736 ",0, 0 ,0,0, 0 ," 8,402,073 "," 15,971 ",,0
East Windsor," 57,816 ",0, 0 ,0," 45,593 ",0," 16,217 "," 15,604 "," 5,669,122 "," 5,669,122 "," 232,457 ",0, 0 ,0,0, 0 ," 6,021,205 "," 5,684,726 ",,0
Eastford, 0 ,0, 0 ,0," 11,911 ",0," 1,795 "," 2,058 "," 1,091,881 "," 327,564 "," 23,060 ",0, 0 ,0,0, 0 ," 1,128,647 "," 329,622 ",,0
Easton, 410 ,0, 0 ,0," 10,545 ",0, 265 , 314 ," 177,907 ", 0 ," 155,216 ",0, 0 ,0,0, 0 ," 344,343 ", 314 ,,0
Ellington, 96 ,0, 0 ,0," 44,853 ",0," 14,829 "," 13,269 "," 9,684,435 "," 1,936,887 "," 321,722 ",0, 0 ,0,0, 0 ," 10,065,935 "," 1,950,156 ",,0
Enfield," 1,044,614 ",0," 25,375 ",0," 1,359,849 ",0," 96,152 "," 95,617 "," 28,585,010 "," 8,575,503 "," 911,974 ",0, 0 ,0,0, 0 ," 32,022,974 "," 8,671,120 ",,0
Essex, 78 ,0, 0 ,0," 12,520 ",0, 0 , 0 ," 105,052 ", 0 ," 74,572 ",0, 0 ,0,0, 0 ," 192,222 ", 0 ,,0
Fairfield, 137 ,0," 1,997,360 ",0," 277,695 ",0," 1,758 "," 1,572 "," 1,087,165 ", 0 ," 795,318 ",0, 0 ,0,0, 0 ," 4,159,433 "," 1,572 ",,0
Farmington," 3,134,814 ",0," 29,691 ",0," 29,796 ",0," 3,522 "," 3,747 "," 1,095,080 ", 0 ," 335,287 ",0, 0 ,0,0, 0 ," 4,628,190 "," 3,747 ",,0
Franklin," 5,944 ",0, 0 ,0," 15,379 ",0," 2,969 "," 2,966 "," 923,278 "," 184,656 "," 26,309 ",0, 0 ,0,0, 0 ," 973,879 "," 187,622 ",,0
Glastonbury, 0 ,0, 7 ,0," 41,629 ",0," 6,077 "," 5,665 "," 6,654,380 ", 0 ," 754,546 ",0, 0 ,0,0, 0 ," 7,456,639 "," 5,665 ",,0
Goshen, 408 ,0, 0 ,0," 10,521 ",0, 0 , 0 ," 82,025 ", 0 ," 30,286 ",0, 0 ,0,0, 0 ," 123,240 ", 0 ,,0
Granby, 50 ,0, 0 ,0," 23,972 ",0," 2,478 "," 2,406 "," 5,510,220 ", 0 ," 244,839 ",0, 0 ,0,0, 0 ," 5,781,559 "," 2,406 ",,0
Greenwich, 0 ,0, 0 ,0," 93,313 ",0, 0 , 0 ," 136,859 ", 0 ," 366,588 ",0, 0 ,0,0, 0 ," 596,760 ", 0 ,,0
Griswold," 17,108 ",0, 0 ,0," 86,837 ",0," 51,728 "," 50,755 "," 10,775,767 "," 6,465,460 "," 243,727 ",0, 0 ,0,0, 0 ," 11,175,167 "," 6,516,215 ",,0
Groton," 833,258 ",0," 37,634 ",0," 1,336,108 ",0," 105,903 "," 102,334 "," 25,040,045 "," 7,512,014 "," 433,177 ",0, 0 ,0,0, 0 ," 27,786,125 "," 7,614,348 ",,0
Guilford, 0 ,0, 0 ,0," 26,076 ",0," 8,416 "," 9,952 "," 2,740,394 ", 0 ," 456,863 ",0, 0 ,0,0, 0 ," 3,231,749 "," 9,952 ",,0
Haddam," 21,098 ",0, 0 ,0," 23,844 ",0, 0 , 0 ," 1,971,482 ", 0 ," 170,440 ",0, 0 ,0,0, 0 ," 2,186,864 ", 0 ,,0
Hamden," 708,944 ",0," 2,833,043 ",0," 896,135 ",0," 293,153 "," 289,696 "," 26,945,481 "," 26,945,481 "," 4,491,337 ",0," 593,967 ",0,0," 1,044,258 "," 36,762,060 "," 28,279,435 ",,0
Hampton," 20,874 ",0, 0 ,0," 13,963 ",0," 1,589 "," 1,584 "," 1,312,383 "," 393,715 "," 38,070 ",0, 0 ,0,0, 0 ," 1,386,879 "," 395,299 ",,0
Hartford," 13,560,353 ",0," 23,664,027 ",0," 6,263,314 ",0," 1,819,933 "," 1,909,449 "," 200,518,244 "," 200,518,244 "," 13,908,437 ",0," 11,883,205 ",0,0," 12,867,335 "," 271,617,513 "," 215,295,028 ",6175441.0,0
Hartland," 87,788 ",0, 0 ,0," 12,191 ",0," 1,869 "," 1,812 "," 1,327,652 "," 398,296 "," 27,964 ",0, 0 ,0,0, 0 ," 1,457,464 "," 400,108 ",,0
Harwinton, 0 ,0, 0 ,0," 18,629 ",0, 0 , 0 ," 2,708,774 ", 0 ," 113,987 ",0, 0 ,0,0, 0 ," 2,841,390 ", 0 ,,0
Hebron, 0 ,0, 0 ,0," 28,438 ",0, 0 , 0 ," 6,875,123 "," 687,512 "," 208,666 ",0, 0 ,0,0, 0 ," 7,112,227 "," 687,512 ",,0
Kent," 35,287 ",0, 0 ,0," 9,077 ",0, 0 , 0 ," 25,634 ", 0 ," 26,808 ",0, 0 ,0,0, 0 ," 96,806 ", 0 ,,0
Killingly," 179,430 ",0, 0 ,0," 145,447 ",0," 106,250 "," 105,609 "," 15,574,402 "," 15,574,402 "," 351,213 ",0," 44,593 ",0,0, 0 ," 16,401,335 "," 15,680,011 ",,0
Killingworth," 62,170 ",0, 0 ,0," 15,190 ",0, 0 , 0 ," 2,173,420 ", 0 ," 85,270 ",0, 0 ,0,0, 0 ," 2,336,050 ", 0 ,,0
Lebanon," 3,431 ",0, 0 ,0," 33,075 ",0," 7,880 "," 7,710 "," 5,410,404 "," 1,623,121 "," 149,163 ",0, 0 ,0,0, 0 ," 5,603,953 "," 1,630,831 ",,0
Ledyard," 589,458 ",0, 0 ,0," 878,678 ",0," 22,462 "," 21,434 "," 11,977,384 "," 5,988,692 "," 307,619 ",0," 2,881 ",0,0, 0 ," 13,778,482 "," 6,010,126 ",,0
Lisbon, 130 ,0, 0 ,0," 23,657 ",0," 9,838 "," 11,442 "," 3,518,715 "," 1,759,358 "," 45,413 ",0, 0 ,0,0, 0 ," 3,597,753 "," 1,770,800 ",,0
Litchfield," 24,449 ",0, 0 ,0," 18,270 ",0," 1,271 "," 1,195 "," 1,446,598 ", 0 ," 169,828 ",0," 13,303 ",0,0, 0 ," 1,673,719 "," 1,195 ",,0
Lyme, 0 ,0, 0 ,0," 8,343 ",0, 0 , 0 ," 63,069 ", 0 ," 21,862 ",0, 0 ,0,0, 0 ," 93,274 ", 0 ,,0
Madison," 368,911 ",0, 0 ,0," 19,466 ",0," 6,941 "," 7,501 "," 446,496 ", 0 ," 372,897 ",0, 0 ,0,0, 0 ," 1,214,711 "," 7,501 ",,0
Manchester," 555,314 ",0," 810,890 ",0," 570,820 ",0," 631,257 "," 639,112 "," 34,440,424 "," 34,440,424 "," 1,972,491 ",0, 0 ,0,0," 989,288 "," 38,981,196 "," 36,068,824 ",,0
Mansfield," 7,131,699 ",0, 0 ,0," 204,996 ",0, 0 , 0 ," 9,947,410 "," 5,968,446 "," 525,280 ",0," 2,516,331 ",0,0, 0 ," 20,325,716 "," 5,968,446 ",,0
Marlborough, 0 ,0, 0 ,0," 18,541 ",0, 0 , 0 ," 3,154,015 ", 0 ," 131,065 ",0, 0 ,0,0, 0 ," 3,303,621 ", 0 ,,0
Meriden," 192,354 ",0," 1,175,795 ",0," 865,535 ",0," 973,216 "," 944,322 "," 60,258,395 "," 60,258,395 "," 1,315,347 ",0," 248,303 ",0,0, 0 ," 65,028,945 "," 61,202,717 ",1390614.0,0
Middlebury, 0 ,0, 0 ,0," 15,721 ",0, 0 , 0 ," 855,086 ", 0 ," 154,299 ",0, 0 ,0,0, 0 ," 1,025,106 ", 0 ,,0
Middlefield, 33 ,0, 0 ,0," 17,336 ",0, 0 , 0 ," 2,099,315 ", 0 ," 91,372 ",0, 0 ,0,0, 0 ," 2,208,056 ", 0 ,,0
Middletown," 2,224,822 ",0," 3,826,085 ",0," 1,195,934 ",0," 1,249,158 "," 1,281,469 "," 19,515,825 "," 19,515,825 "," 964,657 ",0," 695,770 ",0,0," 1,262,740 "," 29,672,251 "," 22,060,034 ",,0
Milford," 195,096 ",0," 419,820 ",0," 380,756 ",0," 39,547 "," 41,553 "," 10,849,101 ", 0 ," 1,880,830 ",0, 0 ,0,0, 0 ," 13,765,150 "," 41,553 ",,0
Monroe, 46 ,0, 0 ,0," 33,321 ",0," 12,713 "," 13,779 "," 6,394,518 ", 0 ," 404,221 ",0, 0 ,0,0, 0 ," 6,844,819 "," 13,779 ",,0
Montville," 1,785,473 ",0, 0 ,0," 952,470 ",0," 33,317 "," 33,611 "," 12,589,621 "," 6,294,811 "," 401,756 ",0," 25,080 ",0,0, 0 ," 15,787,717 "," 6,328,422 ",,0
Morris, 820 ,0, 0 ,0," 11,054 ",0, 0 , 0 ," 102,178 ", 0 ," 28,110 ",0, 0 ,0,0, 0 ," 142,162 ", 0 ,,0
Naugatuck," 2,998 ",0, 0 ,0," 230,356 ",0," 204,943 "," 202,559 "," 30,280,380 "," 30,280,380 "," 2,405,660 ",0, 0 ,0,0," 1,410,093 "," 33,124,337 "," 31,893,032 ",,0
New Britain," 3,276,462 ",0," 2,520,682 ",0," 2,193,488 ",0," 546,113 "," 587,827 "," 86,195,269 "," 86,195,269 "," 5,781,991 ",0," 1,995,060 ",0,0," 3,606,275 "," 102,509,065 "," 90,389,371 ",2317916.0,0
New Canaan," 7,331 ",0, 0 ,0," 8,954 ",0, 69 , 34 ," 339,590 ", 0 ," 168,106 ",0, 0 ,0,0, 0 ," 524,050 ", 34 ,,0
New Fairfield, 127 ,0, 0 ,0," 29,123 ",0," 3,961 "," 3,755 "," 4,338,569 ", 0 ," 288,278 ",0, 0 ,0,0, 0 ," 4,660,058 "," 3,755 ",,0
New Hartford, 0 ,0, 0 ,0," 19,069 ",0," 2,691 "," 2,845 "," 3,113,169 ", 0 ," 140,338 ",0, 0 ,0,0, 0 ," 3,275,267 "," 2,845 ",,0
New Haven," 6,013,572 ",0," 40,688,189 ",0," 5,794,422 ",0," 2,796,517 "," 2,727,038 "," 154,301,977 "," 154,301,977 "," 2,118,290 ",0," 14,584,940 ",0,0," 2,038,496 "," 226,297,907 "," 159,067,511 ",5830307.0,0
New London," 295,665 ",0," 4,710,585 ",0," 1,737,694 ",0," 1,126,586 "," 1,113,961 "," 25,806,077 "," 25,806,077 "," 750,249 ",0," 1,297,919 ",0,0," 113,053 "," 35,724,775 "," 27,033,091 ",1137591.0,0
New Milford, 194 ,0," 89,321 ",0," 76,718 ",0," 33,326 "," 40,986 "," 11,832,806 "," 1,183,281 "," 565,898 ",0, 0 ,0,0, 0 ," 12,598,263 "," 1,224,267 ",,0
Newington," 560,153 ",0," 1,529,519 ",0," 248,178 ",0," 38,839 "," 37,300 "," 12,983,806 "," 1,298,381 "," 651,000 ",0," 169,211 ",0,0, 0 ," 16,180,706 "," 1,335,681 ",,0
Newtown," 733,247 ",0, 0 ,0," 911,124 ",0," 4,497 "," 4,054 "," 4,893,944 ", 0 ," 572,949 ",0, 0 ,0,0, 0 ," 7,115,761 "," 4,054 ",,0
Norfolk," 72,627 ",0," 44,716 ",0," 13,317 ",0, 268 , 240 ," 25,815 ", 0 ," 20,141 ",0, 0 ,0,0, 0 ," 176,884 ", 240 ,,0
North Branford, 0 ,0, 0 ,0," 42,037 ",0," 47,090 "," 41,720 "," 8,076,776 "," 807,678 "," 292,517 ",0, 0 ,0,0, 0 ," 8,458,420 "," 849,398 ",,0
North Canaan," 6,827 ",0, 0 ,0," 21,925 ",0, 0 , 0 ," 2,044,243 "," 408,849 "," 66,052 ",0," 4,203 ",0,0, 0 ," 2,143,250 "," 408,849 ",,0
North Haven," 2,621 ",0," 578,614 ",0," 151,159 ",0," 7,223 "," 6,692 "," 3,842,088 ", 0 ," 487,882 ",0, 0 ,0,0, 0 ," 5,069,587 "," 6,692 ",,0
North Stonington, 219 ,0, 0 ,0," 841,889 ",0," 7,961 "," 9,502 "," 2,834,470 "," 566,894 "," 107,832 ",0, 0 ,0,0, 0 ," 3,792,371 "," 576,396 ",,0
Norwalk," 31,982 ",0," 1,471,056 ",0," 816,834 ",0," 78,352 "," 78,645 "," 11,243,340 "," 11,243,340 "," 3,401,590 ",0, 0 ,0,0, 0 ," 17,043,154 "," 11,321,985 ",4497559.0,0
Norwich," 612,634 ",0," 758,666 ",0," 1,912,306 ",0," 323,371 "," 319,352 "," 36,209,664 "," 36,209,664 "," 1,309,943 ",0," 248,588 ",0,0," 363,092 "," 41,375,172 "," 36,892,108 ",1170742.0,0
Old Lyme, 146 ,0," 2,006 ",0," 14,487 ",0, 0 , 0 ," 247,462 ", 0 ," 79,946 ",0, 0 ,0,0, 0 ," 344,047 ", 0 ,,0
Old Saybrook, 0 ,0, 0 ,0," 14,601 ",0," 4,720 "," 4,652 "," 122,907 ", 0 ," 101,527 ",0, 0 ,0,0, 0 ," 243,755 "," 4,652 ",,0
Orange, 194 ,0," 151,773 ",0," 43,490 ",0, 0 , 0 ," 1,509,226 ", 0 ," 284,365 ",0, 0 ,0,0, 0 ," 1,989,048 ", 0 ,,0
Oxford," 163,743 ",0, 0 ,0," 25,388 ",0," 1,214 "," 1,395 "," 4,528,763 ", 0 ," 171,492 ",0, 0 ,0,0, 0 ," 4,890,600 "," 1,395 ",,0
Plainfield," 1,260 ",0," 34,410 ",0," 122,528 ",0," 107,902 "," 105,120 "," 15,364,444 "," 9,218,666 "," 310,350 ",0," 15,417 ",0,0, 0 ," 15,956,311 "," 9,323,786 ",,0
Plainville, 388 ,0, 0 ,0," 72,491 ",0," 122,743 "," 122,075 "," 10,272,197 "," 2,054,439 "," 363,176 ",0, 0 ,0,0, 0 ," 10,830,995 "," 2,176,514 ",,0
Plymouth, 458 ,0, 0 ,0," 69,784 ",0," 11,468 "," 11,411 "," 9,761,632 ", 0 ," 255,581 ",0, 0 ,0,0, 0 ," 10,098,923 "," 11,411 ",,0
Pomfret," 27,221 ",0, 0 ,0," 19,468 ",0," 6,015 "," 4,591 "," 3,073,015 "," 1,536,508 "," 54,257 ",0, 0 ,0,0, 0 ," 3,179,976 "," 1,541,099 ",,0
Portland, 199 ,0, 0 ,0," 27,715 ",0," 10,709 "," 10,945 "," 4,363,751 ", 0 ," 192,715 ",0, 0 ,0,0, 0 ," 4,595,089 "," 10,945 ",,0
Preston, 716 ,0, 0 ,0," 1,125,119 ",0," 20,780 "," 20,700 "," 3,012,017 "," 1,506,009 "," 58,934 ",0, 0 ,0,0, 0 ," 4,217,566 "," 1,526,709 ",,0
Prospect, 0 ,0, 0 ,0," 26,955 ",0, 0 , 0 ," 5,297,609 ", 0 ," 197,097 ",0, 0 ,0,0, 0 ," 5,521,661 ", 0 ,,0
Putnam, 0 ,0," 212,667 ",0," 103,555 ",0," 67,026 "," 65,727 "," 8,340,282 "," 8,340,282 "," 76,399 ",0, 0 ,0,0, 0 ," 8,799,929 "," 8,406,009 ",708991.0,0
Redding," 94,856 ",0, 0 ,0," 10,912 ",0, 554 , 547 ," 180,135 ", 0 ," 189,781 ",0, 0 ,0,0, 0 ," 476,238 ", 547 ,,0
Ridgefield," 2,087 ",0, 0 ,0," 14,143 ",0, 586 , 578 ," 571,648 ", 0 ," 512,848 ",0, 0 ,0,0, 0 ," 1,101,312 ", 578 ,,0
Rocky Hill," 774,861 ",0, 0 ,0," 268,992 ",0," 10,124 "," 9,694 "," 4,250,230 ", 0 ," 405,872 ",0, 0 ,0,0, 0 ," 5,710,079 "," 9,694 ",,0
Roxbury, 64 ,0, 0 ,0," 8,056 ",0, 0 , 0 ," 33,612 ", 0 ," 15,998 ",0, 0 ,0,0, 0 ," 57,730 ", 0 ,,0
Salem," 47,337 ",0, 0 ,0," 18,219 ",0," 4,450 "," 4,126 "," 3,049,314 "," 914,794 "," 85,617 ",0, 0 ,0,0, 0 ," 3,204,937 "," 918,920 ",,0
Salisbury, 108 ,0, 0 ,0," 9,066 ",0, 0 , 0 ," 10,871 ", 0 ," 20,769 ",0, 0 ,0,0, 0 ," 40,814 ", 0 ,,0
Scotland," 16,880 ",0, 0 ,0," 15,714 ",0," 1,806 "," 1,746 "," 1,423,001 "," 426,900 "," 36,200 ",0, 0 ,0,0, 0 ," 1,493,601 "," 428,646 ",,0
Seymour, 0 ,0, 0 ,0," 67,844 ",0," 75,988 "," 75,666 "," 10,040,987 "," 2,008,197 "," 343,388 ",0, 0 ,0,0, 0 ," 10,528,207 "," 2,083,863 ",,0
Sharon, 0 ,0, 0 ,0," 9,111 ",0, 0 , 0 ," 9,960 ", 0 ," 19,467 ",0, 0 ,0,0, 0 ," 38,538 ", 0 ,,0
Shelton, 344 ,0, 0 ,0," 74,849 ",0," 37,518 "," 37,740 "," 5,893,771 ", 0 ," 706,038 ",0, 0 ,0,0, 0 ," 6,712,520 "," 37,740 ",,0
Sherman, 0 ,0, 0 ,0," 9,925 ",0, 178 , 199 ," 46,611 ", 0 ," 39,000 ",0, 0 ,0,0, 0 ," 95,714 ", 199 ,,0
Simsbury," 2,555 ",0, 0 ,0," 28,478 ",0," 13,657 "," 12,604 "," 6,087,799 ", 0 ," 567,460 ",0," 20,731 ",0,0," 273,824 "," 6,720,680 "," 286,428 ",,0
Somers," 1,364,700 ",0, 0 ,0," 1,609,537 ",0," 11,126 "," 10,571 "," 5,929,453 "," 2,964,727 "," 141,697 ",0, 0 ,0,0, 0 ," 9,056,513 "," 2,975,298 ",,0
South Windsor, 78 ,0, 0 ,0," 54,351 ",0," 12,360 "," 9,956 "," 12,826,469 ", 0 ," 558,715 ",0, 0 ,0,0, 0 ," 13,451,973 "," 9,956 ",,0
Southbury," 171,469 ",0, 0 ,0," 37,696 ",0, 0 , 0 ," 3,458,266 ", 0 ," 404,731 ",0, 0 ,0,0, 0 ," 4,072,162 ", 0 ,,0
Southington, 0 ,0, 0 ,0," 126,114 ",0," 13,020 "," 15,104 "," 20,268,059 ", 0 ," 889,821 ",0, 0 ,0,0, 0 ," 21,297,014 "," 15,104 ",,0
Sprague, 366 ,0, 0 ,0," 26,245 ",0," 16,071 "," 15,783 "," 2,612,273 "," 1,567,364 "," 89,456 ",0, 0 ,0,0, 0 ," 2,744,411 "," 1,583,147 ",,0
Stafford," 4,404 ",0," 213,778 ",0," 93,160 ",0," 26,296 "," 25,081 "," 9,790,490 "," 1,958,098 "," 243,095 ",0," 41,189 ",0,0," 5,541 "," 10,412,412 "," 1,988,720 ",,0
Stamford," 1,065,042 ",0," 1,837,777 ",0," 884,033 ",0," 333,828 "," 329,862 "," 10,803,759 "," 10,803,759 "," 2,372,358 ",0," 528,332 ",0,0, 0 ," 17,825,129 "," 11,133,621 ",2910066.0,0
Sterling, 131 ,0, 0 ,0," 33,410 ",0," 11,283 "," 11,144 "," 3,196,216 "," 1,598,108 "," 77,037 ",0, 0 ,0,0, 0 ," 3,318,077 "," 1,609,252 ",,0
Stonington, 0 ,0, 0 ,0," 33,057 ",0," 8,095 "," 8,228 "," 1,649,159 ", 0 ," 202,888 ",0, 0 ,0,0, 0 ," 1,893,199 "," 8,228 ",,0
Stratford," 122,285 ",0, 0 ,0," 160,760 ",0," 111,908 "," 113,549 "," 21,461,782 ", 0 ," 1,130,316 ",0, 0 ,0,0, 0 ," 22,987,051 "," 113,549 ",,0
Suffield," 2,426,766 ",0, 0 ,0," 2,830,235 ",0," 8,075 "," 8,139 "," 6,221,145 "," 1,866,344 "," 321,763 ",0," 51,434 ",0,0, 0 ," 11,859,418 "," 1,874,483 ",,0
Thomaston," 5,728 ",0, 0 ,0," 40,123 ",0," 11,023 "," 11,138 "," 5,624,815 "," 1,687,445 "," 158,888 ",0, 0 ,0,0, 0 ," 5,840,577 "," 1,698,583 ",,0
Thompson, 41 ,0, 0 ,0," 63,550 ",0," 47,732 "," 47,434 "," 7,534,704 "," 4,520,822 "," 114,582 ",0, 0 ,0,0, 0 ," 7,760,609 "," 4,568,256 ",,0
Tolland, 0 ,0, 0 ,0," 34,843 ",0," 8,984 "," 8,436 "," 10,699,177 "," 2,139,835 "," 303,971 ",0, 0 ,0,0, 0 ," 11,046,975 "," 2,148,271 ",,0
Torrington," 96,492 ",0," 238,519 ",0," 287,599 ",0," 126,439 "," 129,092 "," 24,482,865 "," 4,896,573 "," 2,435,109 ",0, 0 ,0,0, 0 ," 27,667,023 "," 5,025,665 ",,0
Trumbull, 0 ,0," 3,260 ",0," 49,941 ",0," 13,226 "," 15,259 "," 3,418,401 ", 0 ," 745,325 ",0, 0 ,0,0, 0 ," 4,230,153 "," 15,259 ",,0
Union," 25,513 ",0, 0 ,0," 21,443 ",0," 1,809 "," 1,562 "," 237,166 ", 0 ," 17,283 ",0, 0 ,0,0, 0 ," 303,214 "," 1,562 ",,0
Vernon," 113,496 ",0," 317,760 ",0," 158,914 ",0," 231,815 "," 227,337 "," 19,250,233 "," 19,250,233 "," 641,027 ",0, 0 ,0,0, 0 ," 20,713,245 "," 19,477,570 ",,0
Voluntown," 71,479 ",0," 56,167 ",0," 88,305 ",0," 7,822 "," 7,786 "," 2,502,621 "," 1,501,573 "," 33,914 ",0, 0 ,0,0, 0 ," 2,760,308 "," 1,509,359 ",,0
Wallingford, 0 ,0," 152,586 ",0," 156,083 ",0," 262,909 "," 265,405 "," 21,301,522 "," 2,130,152 "," 919,984 ",0," 58,914 ",0,0, 0 ," 22,851,998 "," 2,395,557 ",,0
Warren," 9,522 ",0, 0 ,0," 8,203 ",0, 0 , 0 ," 33,205 ", 0 ," 11,006 ",0, 0 ,0,0, 0 ," 61,936 ", 0 ,,0
Washington," 6,117 ",0, 0 ,0," 8,741 ",0, 0 , 0 ," 50,646 ", 0 ," 25,496 ",0, 0 ,0,0, 0 ," 91,000 ", 0 ,,0
Waterbury," 3,896,947 ",0," 5,404,535 ",0," 2,915,126 ",0," 1,910,140 "," 1,894,809 "," 133,606,066 "," 133,606,066 "," 13,438,542 ",0," 3,141,669 ",0,0," 9,551,402 "," 164,313,025 "," 145,052,277 ",2837757.0,0
Waterford," 122,408 ",0," 61,523 ",0," 42,601 ",0," 12,576 "," 11,697 "," 321,279 ", 0 ," 259,091 ",0, 0 ,0,0, 0 ," 819,478 "," 11,697 ",,0
Watertown," 15,917 ",0, 0 ,0," 75,186 ",0," 4,787 "," 4,768 "," 11,753,175 "," 2,350,635 "," 453,012 ",0, 0 ,0,0, 0 ," 12,302,077 "," 2,355,403 ",,0
West Hartford, 0 ,0," 961,435 ",0," 197,475 ",0," 69,469 "," 72,142 "," 20,961,352 ", 0 ," 1,614,320 ",0," 202,308 ",0,0," 172,669 "," 24,006,359 "," 244,811 ",,0
West Haven, 0 ,0," 5,008,541 ",0," 969,932 ",0," 210,626 "," 206,749 "," 45,140,487 "," 45,140,487 "," 1,121,850 ",0," 324,832 ",0,0," 842,858 "," 52,776,268 "," 46,190,094 ",,0
Westbrook, 0 ,0, 0 ,0," 16,186 ",0," 1,564 "," 1,211 "," 70,393 ", 0 ," 80,601 ",0, 0 ,0,0, 0 ," 168,744 "," 1,211 ",,0
Weston, 0 ,0, 0 ,0," 9,059 ",0, 80 , 80 ," 263,431 ", 0 ," 211,384 ",0, 0 ,0,0, 0 ," 483,954 ", 80 ,,0
Westport," 365,527 ",0," 172,387 ",0," 26,621 ",0, 235 , 155 ," 465,334 ", 0 ," 262,402 ",0, 0 ,0,0, 0 ," 1,292,506 ", 155 ,,0
Wethersfield," 107,242 ",0," 8,592 ",0," 209,154 ",0," 29,758 "," 31,155 "," 9,348,852 ", 0 ," 940,267 ",0, 0 ,0,0, 0 ," 10,643,865 "," 31,155 ",,0
Willington," 17,136 ",0, 0 ,0," 33,250 ",0, 0 , 0 ," 3,637,161 "," 1,091,148 "," 121,568 ",0, 0 ,0,0, 0 ," 3,809,115 "," 1,091,148 ",,0
Wilton, 330 ,0, 0 ,0," 10,862 ",0, 174 , 145 ," 462,941 ", 0 ," 380,234 ",0, 0 ,0,0, 0 ," 854,541 ", 145 ,,0
Winchester," 31,191 ",0," 40,379 ",0," 78,447 ",0," 10,994 "," 10,628 "," 8,024,957 "," 8,024,957 "," 224,447 ",0, 0 ,0,0, 0 ," 8,410,415 "," 8,035,585 ",,0
Windham," 2,795,180 ",0," 625,611 ",0," 857,889 ",0," 280,211 "," 276,729 "," 26,582,071 "," 26,582,071 "," 513,847 ",0," 1,193,950 ",0,0," 796,708 "," 32,848,759 "," 27,655,508 ",1046788.0,0
Windsor, 0 ,0, 0 ,0," 71,844 ",0," 57,019 "," 58,218 "," 12,130,392 "," 12,130,392 "," 593,921 ",0," 9,241 ",0,0, 0 ," 12,862,417 "," 12,188,610 ",,0
Windsor Locks," 25,283 ",0, 0 ,0," 424,822 ",0," 18,615 "," 22,431 "," 5,167,806 "," 5,167,806 "," 256,241 ",0," 31,122 ",0,0, 0 ," 5,923,889 "," 5,190,237 ",,0
Wolcott, 0 ,0, 0 ,0," 61,364 ",0," 4,089 "," 4,249 "," 13,423,576 "," 6,711,788 "," 340,859 ",0, 0 ,0,0, 0 ," 13,829,888 "," 6,716,037 ",,0
Woodbridge, 0 ,0, 0 ,0," 11,188 ",0, 0 , 0 ," 656,185 ", 0 ," 247,758 ",0, 0 ,0,0, 0 ," 915,131 ", 0 ,,0
Woodbury, 194 ,0, 0 ,0," 19,685 ",0, 0 , 0 ," 1,276,811 ", 0 ," 200,175 ",0, 0 ,0,0, 0 ," 1,496,865 ", 0 ,,0
Woodstock," 1,581 ",0, 0 ,0," 26,183 ",0," 8,946 "," 9,177 "," 5,356,542 "," 1,606,963 "," 97,708 ",0, 0 ,0,0, 0 ," 5,490,960 "," 1,616,140 ",,0
Bantam (Bor.), 0 ,0, 0 ,0, 0 ,0, 0 , 0 , 0 , 0 , 0 ,0, 0 ,0,0, 0 , 0 , 0 ,,0
Danielson (Bor.)," 11,973 ",0, 0 ,0, 0 ,0, 0 , 0 , 0 , 0 , 0 ,0," 2,135 ",0,0, 0 ," 14,108 ", 0 ,,0
Fenwick (Bor.), 0 ,0, 0 ,0, 0 ,0, 0 , 0 , 0 , 0 , 0 ,0, 0 ,0,0, 0 , 0 , 0 ,,0
Groton (City of)," 56,213 ",0, 0 ,0, 0 ,0, 0 , 0 , 0 , 0 , 0 ,0, 0 ,0,0, 0 ," 56,213 ", 0 ,,0
Groton Long Point, 0 ,0, 0 ,0, 0 ,0, 0 , 0 , 0 , 0 , 0 ,0, 0 ,0,0, 0 , 0 , 0 ,,0
Jewett City (Bor.), 541 ,0, 0 ,0, 0 ,0, 0 , 0 , 0 , 0 , 0 ,0, 0 ,0,0, 0 , 541 , 0 ,,0
Litchfield (Bor.), 765 ,0, 0 ,0, 0 ,0, 0 , 0 , 0 , 0 , 0 ,0, 137 ,0,0, 0 , 902 , 0 ,,0
Newtown (Bor.), 129 ,0, 0 ,0, 0 ,0, 0 , 0 , 0 , 0 , 0 ,0, 0 ,0,0, 0 , 129 , 0 ,,0
Stonington (Bor.), 0 ,0, 0 ,0, 0 ,0, 0 , 0 , 0 , 0 , 0 ,0, 0 ,0,0, 0 , 0 , 0 ,,0
Woodmont (Bor.), 0 ,0, 0 ,0, 0 ,0, 0 , 0 , 0 , 0 , 0 ,0, 0 ,0,0, 0 , 0 , 0 ,,0
District No.   1, 0 ,0, 0 ,0, 0 ,0," 3,282 "," 3,239 ", 0 , 0 , 0 ,0, 0 ,0,0, 0 ," 3,282 "," 3,239 ",,0
District No.   4, 0 ,0, 0 ,0, 0 ,0," 9,737 "," 11,289 ", 0 , 0 , 0 ,0, 0 ,0,0, 0 ," 9,737 "," 11,289 ",,0
District No.   5, 0 ,0, 0 ,0, 0 ,0," 3,131 "," 3,181 ", 0 , 0 , 0 ,0, 0 ,0,0, 0 ," 3,131 "," 3,181 ",,0
District No.   6, 0 ,0, 0 ,0, 0 ,0, 438 , 433 , 0 , 0 , 0 ,0, 0 ,0,0, 0 , 438 , 433 ,,0
District No.   7, 0 ,0, 0 ,0, 0 ,0," 5,221 "," 5,424 ", 0 , 0 , 0 ,0, 0 ,0,0, 0 ," 5,221 "," 5,424 ",,0
District No.   8, 0 ,0, 0 ,0, 0 ,0," 23,912 "," 23,635 ", 0 , 0 , 0 ,0, 0 ,0,0, 0 ," 23,912 "," 23,635 ",,0
District No. 10, 0 ,0, 0 ,0, 0 ,0," 2,437 "," 2,309 ", 0 , 0 , 0 ,0, 0 ,0,0, 0 ," 2,437 "," 2,309 ",,0
District No. 12, 0 ,0, 0 ,0, 0 ,0, 68 , 67 , 0 , 0 , 0 ,0, 0 ,0,0, 0 , 68 , 67 ,,0
District No. 13, 0 ,0, 0 ,0, 0 ,0," 9,960 "," 9,254 ", 0 , 0 , 0 ,0, 0 ,0,0, 0 ," 9,960 "," 9,254 ",,0
District No. 14, 0 ,0, 0 ,0, 0 ,0," 5,833 "," 5,327 ", 0 , 0 , 0 ,0, 0 ,0,0, 0 ," 5,833 "," 5,327 ",,0
District No. 15, 0 ,0, 0 ,0, 0 ,0, 981 , 932 , 0 , 0 , 0 ,0, 0 ,0,0, 0 , 981 , 932 ,,0
District No. 16, 0 ,0, 0 ,0, 0 ,0," 2,013 "," 1,986 ", 0 , 0 , 0 ,0, 0 ,0,0, 0 ," 2,013 "," 1,986 ",,0
District No. 17, 0 ,0, 0 ,0, 0 ,0," 6,769 "," 6,426 ", 0 , 0 , 0 ,0, 0 ,0,0, 0 ," 6,769 "," 6,426 ",,0
District No. 18, 0 ,0, 0 ,0, 0 ,0," 2,765 "," 2,736 ", 0 , 0 , 0 ,0, 0 ,0,0, 0 ," 2,765 "," 2,736 ",,0
District No. 19, 0 ,0, 0 ,0, 0 ,0," 56,548 "," 55,451 ", 0 , 0 , 0 ,0, 0 ,0,0, 0 ," 56,548 "," 55,451 ",,0
Education Conn, 0 ,0, 0 ,0, 0 ,0," 133,169 "," 131,299 ", 0 , 0 , 0 ,0, 0 ,0,0, 0 ," 133,169 "," 131,299 ",,0
EASTCONN, 0 ,0, 0 ,0, 0 ,0," 30,799 "," 30,177 ", 0 , 0 , 0 ,0, 0 ,0,0, 0 ," 30,799 "," 30,177 ",,0
SDE Admin Costs, 0 ,0, 0 ,0, 0 ,0," 1,019,198 "," 1,019,198 ", 0 , 0 , 0 ,0, 0 ,0,0, 0 ," 1,019,198 "," 1,019,198 ",,0
Blmfld Cntr FD, 0 ,0," 4,922 ",0, 0 ,0, 0 , 0 , 0 , 0 , 0 ,0, 0 ,0,0, 0 ," 4,922 ", 0 ,,0
Blmfld Blue Hills FD, 0 ,0, 0 ,0, 0 ,0, 0 , 0 , 0 , 0 ," 92,961 ",0, 0 ,0,0, 0 ," 92,961 ", 0 ,,0
Cromwell FD, 0 ,0, 0 ,0, 0 ,0, 0 , 0 , 0 , 0 , 0 ,0, 0 ,0,0, 0 , 0 , 0 ,,0
Hazardville FD #3, 0 ,0," 1,821 ",0, 0 ,0, 0 , 0 , 0 , 0 , 0 ,0, 0 ,0,0, 0 ," 1,821 ", 0 ,,0
Enfield Thmpsnvll , 0 ,0, 0 ,0, 0 ,0, 0 , 0 , 0 , 0 ," 354,311 ",0, 0 ,0,0, 0 ," 354,311 ", 0 ,,0
Manchester - 8th Utility Dist, 0 ,0, 0 ,0, 0 ,0, 0 , 0 , 0 , 0 ," 436,718 ",0, 0 ,0,0, 0 ," 436,718 ", 0 ,,0
Groton: Poq. Brdg FD, 0 ,0," 9,445 ",0, 0 ,0, 0 , 0 , 0 , 0 , 0 ,0, 0 ,0,0, 0 ," 9,445 ", 0 ,,0
Middletown City FD, 0 ,0, 0 ,0, 0 ,0, 0 , 0 , 0 , 0 ," 910,442 ",0, 0 ,0,0, 0 ," 910,442 ", 0 ,,0
Middletown  South Fire, 0 ,0," 7,504 ",0, 0 ,0, 0 , 0 , 0 , 0 ," 413,961 ",0," 1,121 ",0,0, 0 ," 422,586 ", 0 ,,0
N. Milford FD, 0 ,0," 5,737 ",0, 0 ,0, 0 , 0 , 0 , 0 , 0 ,0, 0 ,0,0, 0 ," 5,737 ", 0 ,,0
Norwich - CCD , 0 ,0, 0 ,0, 0 ,0, 0 , 0 , 0 , 0 ," 552,565 ",0, 0 ,0,0, 0 ," 552,565 ", 0 ,,0
Norwich - TCD, 0 ,0, 0 ,0, 0 ,0, 0 , 0 , 0 , 0 ," 62,849 ",0, 0 ,0,0, 0 ," 62,849 ", 0 ,,0
Simsbury FD, 0 ,0, 0 ,0, 0 ,0, 0 , 0 , 0 , 0 ," 221,536 ",0, 0 ,0,0, 0 ," 221,536 ", 0 ,,0
Plainfield FD, 0 ,0," 1,976 ",0, 0 ,0, 0 , 0 , 0 , 0 , 0 ,0, 296 ,0,0, 0 ," 2,272 ", 0 ,,0
W. Putnam Dist, 0 ,0, 82 ,0, 0 ,0, 0 , 0 , 0 , 0 , 0 ,0, 0 ,0,0, 0 , 82 , 0 ,,0
Wndhm Spec Svc Dist #2, 0 ,0, 0 ,0, 0 ,0, 0 , 0 , 0 , 0 ," 640,000 ",0, 0 ,0,0, 0 ," 640,000 ", 0 ,,0
W Haven 1st Center, 0 ,0," 843,511 ",0, 0 ,0, 0 , 0 , 0 , 0 ," 1,039,843 ",0," 1,136 ",0,0, 0 ," 1,884,490 ", 0 ,,0
Allingtown , 0 ,0," 339,600 ",0, 0 ,0, 0 , 0 , 0 , 0 ," 483,505 ",0," 50,751 ",0,0, 0 ," 873,856 ", 0 ,,0
W. Shore FD , 0 ,0," 224,454 ",0, 0 ,0, 0 , 0 , 0 , 0 ," 654,640 ",0," 33,544 ",0,0, 0 ," 912,638 ", 0 ,,0
Various Fire Dist, 0 ,0, 0 ,0, 0 ,0, 0 , 0 , 0 , 0 , 0 ,0, 0 ,0,0, 0 , 0 , 0 ,,0
TOTALS ," 66,730,438 ",0," 114,950,767 ",0," 58,076,610 ",0," 20,284,988 "," 20,284,988 "," 2,017,587,098 "," 1,460,559,375 "," 127,851,808 ",0," 44,101,081 ",0,0," 40,631,340 "," 2,449,582,790 "," 1,521,475,703 ",,0
